year,population,gdp,householdMinIncome,death,predicted_waste_svr,blended_waste
2025,36193872.72727275,1438954.0844545364,8834.0,176652.45454545505,17522470.27202399,17899269.78132588
2026,36701116.363636374,1474280.5206727237,8989.818181818177,179644.94545454625,17595972.148343623,18008531.60747689
2027,37208360.0,1509606.9568909109,9145.636363636353,182637.43636363652,17662630.294156037,18113002.822272867
2028,37715603.636363626,1544933.3931090832,9301.45454545453,185629.9272727277,17722391.89562962,18212646.45603164
2029,38222847.27272725,1580259.8293272704,9457.272727272706,188622.4181818189,17775232.84284817,18307445.63181189
2030,38730090.90909088,1615586.2655454427,9613.090909090883,191614.9090909101,17821157.205581903,18397403.19845279
